,id,ltable_ID,rtable_ID,ltable_title,ltable_artist,ltable_year,rtable_title,rtable_artist,rtable_year,match
12568,12568,b752532,a16054,Run,Stephen Fretwell,2002,Run,Sash!-Boy George,-,0
5729,5729,b355471,a7514,I'm Your Pusher,Scooter,0,I'm Your Pusher,Scooter,2000,1
6663,6663,b339695,a8419,Good Time,Peran,2001,Feel Good Time,P!nk-William Orbit,2003,0
14694,14694,b635919,a18399,Man-Eater,Nic Endo,2001,Maneater,Nelly Furtado,2006,0
1420,1420,b764102,a1947,Yesterday,Arthur Fiedler,0,Yesterday,Adam Levine-Tony Lucca,2012,0
17476,17476,b487145,a21080,I Ran (So Far Away) Tech Mix,Darude,0,I Ran (So Far Away),Darude-Blake Lewis,2008,1
5931,5931,b673468,a7709,Breathe In,The Loved Ones,0,Breathe,Télépopmusik,2001,0
14375,14375,b692849,a18073,Everything you need,Monodeluxe,0,Everything I Need,Men at Work,1985,0
1712,1712,b416105,a2282,Untitled 3,Thuja,0,Untitled,The Smashing Pumpkins,2001,0
11336,11336,b544826,a14739,What Goes Around...Comes Around,Justin Timberlake,2007,What Goes Around...Comes Around,Justin Timberlake,2007,1
13131,13131,b584183,a16828,Daughters,John Mayer,0,Daughters,John Mayer,2004,1
2538,2538,b662992,a3535,Dance Of The Mad,Pop Will Eat Itself,1997,Dance of the Mad,Pop Will Eat Itself,1990,1
19342,19342,b650686,a23405,Livin' My Life,Bullet,0,Live My Life,Boy George,1987,0
11732,11732,b533423,a15108,"Say Somethin""",Asamov,0,Say Somethin,Austin Mahone,2012,0
7689,7689,b416701,a9950,He Can Work It Out,Dottie Peoples,0,Work It Out,Def Leppard,1996,0
8258,8258,b191186,a10708,The Chase,Giorgio Moroder,1996,The Chase,Giorgio Moroder-Jam & Spoon,2000,1
19081,19081,b686653,a23091,Bad Day,Rock Hard Power Spray,0,Bad Day,R.E.M.,2003,0
4925,4925,b489738,a6547,Set You Free,New Generation Superstars,2009,Set Me Free,Nightmares on Wax,1992,0
18875,18875,b177260,a22687,Stay,The Funky Lowlives,2002,Stay,Thirty Seconds to Mars,2014,0
22522,22522,b464472,a27484,Can You Rock It Like This,RUN-DMC,1985,Can You Rock It Like This,Run‐D.M.C.,1985,1
18968,18968,b715424,a22858,Soul Singing,The Black Crowes,2001,Soul Singing,The Black Crowes,2001,1
18450,18450,b276090,a22033,Fell For You,The Dramatics,1973,For You,The Disco Boys-Manfred Mann’s Earth Band,2005,0
18113,18113,b457676,a21659,The Wind,Peasant,2009,The Wind,PJ Harvey,1999,0
593,593,b375697,a777,Hold On,Sam Bush,0,Holding On,Steve Winwood,1988,0
2749,2749,b554813,a3719,The Same Love,The Jets,0,The Game of Love,Tony Hadley,1992,0
1140,1140,b582537,a1644,Down to the Bone,Toad,0,Down to the Ark,The Mountain Goats,2008,0
18873,18873,b57024,a22687,Stay,The Incurables,0,Stay,Thirty Seconds to Mars,2014,0
11889,11889,b140743,a15279,Love Me Like I Love You,Byther Smith,1991,Love Me Like I Love You,Bay City Rollers,1976,0
13389,13389,b658232,a17035,I Think We're Alone Now,Girls Aloud,2006,I Think We're Alone Now,Girls Aloud,2006,1
19374,19374,b231193,a23445,Red,The Locust,2003,Red,The 69 Eyes,2012,0
5642,5642,b245320,a7450,Heartbeat,Scouting for Girls,2007,Heat,Soft Cell,1983,0
23197,23197,b138662,a28158,Amazing G.,Drag The River,0,Amazing,David Banner-Chris Brown,2012,0
22105,22105,b637986,a26950,Get It Out,Marc Vedo,0,Get It,Mizz Nina-Theo Martins-DJ Fuzz,2011,0
17640,17640,b643443,a21214,Hold On,Ferrick_ Melissa,2000,Holding On,Ferry Corsten,2005,0
11510,11510,b99594,a14860,Winter Wonderland,The Strings Of Paris,0,Winter Wonderland,Tony Bennett-Lady Gaga,2014,0
18334,18334,b722711,a21940,The Man With The Child In His Eyes,Kate Bush,1978,The Man With the Child in His Eyes,Kate Bush,1978,1
9796,9796,b491391,a13563,No Regrets,Robbie Williams,1998,No Regrets,Robbie Williams,1998,1
3967,3967,b27080,a5060,Home,Stephanie Mills,0,Hotel Home,Spender-Gotye,2013,0
24048,24048,b82731,a29248,Just Good Friends,Fish,0,Just Good Friends,Fish-Sam Brown,1995,1
22907,22907,b137947,a27833,Party People,Nelly / Fergie,2008,Party People,Nelly-Fergie,2008,1
7829,7829,b7154,a10239,Irresistable,For Against,0,Irresistible,Fall Out Boy,2015,0
10080,10080,b362102,a13961,Round & Round,Shadiya,0,Round Round,Sugababes,2002,0
15379,15379,b617735,a19078,Fire,Aceyalone,2006,Fire,Aceyalone-RJD2,2005,1
17682,17682,b97674,a21248,Know What You Want,Boyz II Men,2000,What You Want,Boys Noize,2012,0
10354,10354,b796074,a14150,You've Changed,Larry Vuckovich,0,You’ve Changed,Lauren Flax-Sia,2009,0
11668,11668,b520876,a15018,I Belong To You (Il Ritmo Della Passione),Eros Ramazzotti & Anastacia,2006,I Belong to You (Il ritmo della passione),Eros Ramazzotti-Anastacia,2005,1
3884,3884,b551860,a4997,Possibly Maybe,Bj\xc3\xb6rk,1995,Possibly Maybe,Björk,1996,1
9642,9642,b518575,a13396,Everyday,Phil Collins,1993,Everyday,Phil Collins,1994,1
23370,23370,b533608,a28359,American Man,Velvet Revolver,2007,American Music,Violent Femmes,1991,0
8274,8274,b153871,a10729,Where Did Our Love Go  [Live],The J. Geils Band,2006,Where Did Our Love Go,The Supremes,1964,0
22381,22381,b19587,a27309,Music Machine,Philippe Rochard,2004,My Machine,Princess Superstar,2005,0
532,532,b211941,a712,California Rain,Silvertide,2004,California,Something for Kate,2007,0
20572,20572,b109247,a25418,Silent Night,Simon Wynberg,0,Silent Night,Sinéad O’Connor,1991,0
18582,18582,b205463,a22286,Fallen Angels,EDGUY,2001,Fallen Angel,Elbow,2003,0
7274,7274,b279193,a9304,Alive Again,Champion,0,Alive Again,Cher,2001,0
2066,2066,b464435,a3111,She Wants To Move,N.E.R.D.,2004,She Wants to Move,N*E*R*D,2003,1
9716,9716,b398300,a13518,Shake Me Up,Sorcery,0,Shake It Up,Selena Gomez,2011,0
12055,12055,b265730,a15491,Freestyle 49,Busta Flex,0,Freestyler,Bomfunk MC’s,2000,0
301,301,b252082,a427,Real Good Thing,Timebox,1998,The Good Thing,Talking Heads,1978,0
8270,8270,b740826,a10727,When The Lovelight Starts Shining Through His Eyes,The Supremes,1963,When the Lovelight Starts Shining Through His Eyes,The Supremes,1963,1
13078,13078,b490657,a16783,Trains And Winter Rains,Enya,2008,Trains and Winter Rains,Enya,2008,1
7468,7468,b364649,a9576,In Life,D.A. Jay,0,In This Life,Delta Goodrem,2007,0
12043,12043,b105724,a15477,Everything,Bitter Sweet,2008,Everything I Own,Boy George,1987,0
9835,9835,b738224,a13644,Love,Sloppy Meateaters,0,Lovedrive,Scorpions,1979,0
8482,8482,b569991,a11095,Halt mich,Herbstrock,0,Halt mich,Herbert Grönemeyer,1988,0
11794,11794,b352808,a15150,Everything,Anouk,0,Everything,Alanis Morissette,2004,0
12005,12005,b100171,a15443,Heat,DMX,1998,Heartbeat,Daniel Küblböck,2003,0
17257,17257,b792659,a20906,Waisted Love,Audience,0,Twisted Love,ATB,2011,0
21672,21672,b507770,a26522,Crazy,Aerosmith,1993,Crazy,Alanis Morissette,2005,0
8892,8892,b268047,a12058,Plaster Casts Of Everything,Liars,2007,Plaster Casts of Everything,Liars,2007,1
10243,10243,b823544,a14086,Home,Smash Mouth,1999,Home,Sheryl Crow,-,0
9142,9142,b320222,a12446,Your Life,Maria Lawson,2006,Your Life Is a Lie,MGMT,2013,0
6755,6755,b95455,a8564,Let's Go,Capitol Eye,0,Let’s Go,Calvin Harris-Ne‐Yo,2012,0
23989,23989,b312989,a29195,Window,The Mercury Project,0,Windows.,Titus G. Productions,2014,0
18625,18625,b54828,a22388,If You Say You Love Me,El Presidente,0,Don't Say You Love Me,Erasure,2005,0
9554,9554,b383844,a13235,Beautiful,Matt Darey Feat. Marcella Woods,2001,Beautiful,Moby,2005,0
7145,7145,b379008,a9096,I Miss You,Conya Doss,2008,Miss You,Clinic,2012,0
19555,19555,b683404,a23728,The Way of Love,Brave Combo,1993,The Price of Love,Bryan Ferry,1989,0
9269,9269,b90367,a12797,Getting Closer (Live),Nitzer Ebb,1991,Getting Closer,Nitzer Ebb,1990,1
4926,4926,b115229,a6548,Happiness,Noe Venable,2002,Happiness!,Nightmares on Wax,1992,0
3572,3572,b570163,a4642,Fool Again,Westlife,1999,Fool Again,Westlife,-,1
23338,23338,b807557,a28307,Let It Snow,The Royal Philharmonic Orchestra,0,Let It Snow! Let It Snow! Let It Snow!,Tyrone Wells,2006,0
6401,6401,b101862,a8137,Cornflake Girl,Tori Amos,1994,Cornflake Girl,Tori Amos,1994,1
16275,16275,b618402,a19980,Calling,Bettie Serveert,2010,Falling,Ben Westbeech,2011,0
8266,8266,b560656,a10709,Never Ending Story,Giorgio Moroder,2000,Never Ending Story,Giorgio Moroder,2000,1
21885,21885,b635526,a26713,Mint Car,The Cure,1996,Mint Car,The Cure,1996,1
17548,17548,b715246,a21138,Bullets,Creed,0,Bullet,Covenant,2002,0
19,19,b415646,a8,Believe,Chalee Tennison,2003,Believe Me,Chelsea Watts-Sam Watts,2014,0
3495,3495,b100717,a4546,Rehab,Amy Winehouse,2006,Rehab,Amy Winehouse,2006,1
10879,10879,b582153,a14496,Shine,Twisted Method,2003,Shine,Take That,2007,0
1543,1543,b605583,a2101,Little Darling,The Rubettes,1975,Little Darling,Thin Lizzy,1974,0
12485,12485,b617633,a15955,You & Me,Delays,2006,You & Me,Disclosure-Eliza Doolittle,2013,0
25083,25083,b157944,a31625,Breathe,Smartbomb,2001,Breathe,Schiller-September,2008,0
25826,25826,b227081,a33018,Downtown,Nancy LaMott,0,Downtown,Neil Young,1995,0
6981,6981,b66939,a8890,Blue light,DJ Myde,0,Blue Light,David Gilmour,1984,0
12890,12890,b553419,a16489,Escape,Electro Hippies,1987,Escape,Enrique Iglesias,2002,0
5935,5935,b244154,a7709,Breathe...,Trouble,1992,Breathe,Télépopmusik,2001,0
795,795,b760470,a1271,We Sure Can Love Each Other,Tammy Wynette,1998,We Are Each Other,The Beautiful South,1992,0
10663,10663,b704490,a14373,Love Light In Flight,Stevie Wonder,1984,Love Light In Flight,Stevie Wonder,1984,1
14914,14914,b162480,a18701,"Speedin""",Rick Ross / R. Kelly,0,Speeding,Rudimental,2011,0
12487,12487,b2956,a15958,Mercy_ Mercy,Don Covay,0,Mercy,Duffy,2007,0
23793,23793,b780107,a28953,Mr. Jelly Lord,Jelly Roll Morton's Incomparables,0,Mr. Jelly Lord,Jelly Roll Morton,1924,1
18823,18823,b593667,a22592,I Will Follow You Into The Dark,Death Cab for Cutie,2005,I Will Follow You Into the Dark,Death Cab for Cutie,2006,1
19397,19397,b815063,a23447,Tonight,The Rubettes,1974,Tonight,The 69 Eyes,2013,0
17518,17518,b99853,a21119,Love Is Gone,Doctor (Peter) Clayton,0,Love Is Gone,David Guetta-Chris Willis,2007,0
15851,15851,b275912,a19498,Haunted,Stream of Passion feat. Ayreon,2005,Haunted,Shane MacGowan-Sinéad O’Connor,1995,0
16267,16267,b518587,a19976,Keep Hope Alive,The Crystal Method,1995,Keep Hope Alive,The Crystal Method,1996,1
20793,20793,b82061,a25653,Tristessa,The Smashing Pumpkins,1990,Tristessa,The Smashing Pumpkins,1990,1
3045,3045,b475415,a3907,Only You,The Watson Twins,2008,Only You,Train,2010,0
25355,25355,b373847,a31880,You Don't Know Me,Carole Bayer Sager,1981,You Don't Know,Cyndi Lauper,1997,0
23978,23978,b769555,a29191,Smile,Joyce Sims,0,Smile,Jamiroquai,2011,0
7561,7561,b372565,a9740,Dose,Filter,1994,Dose,Filter,1995,1
16102,16102,b255068,a19751,Circle of Light,Tony Levin_ Paul Dunmall,0,Circle of Life,Taylor Davis,2014,0
5325,5325,b612216,a7241,Cry,System F,2000,Cry,System F,2000,1
25029,25029,b387243,a31547,My Funny Valentine,Paul Brown,2004,My Valentine,Paul McCartney,2012,0
9143,9143,b590505,a12447,Goodbye_ My Little Darling,Mike Seeger,0,Goodbye Darling,MGMT,2016,0
21023,21023,b113406,a25892,You And Me,The Sutherland Brothers,0,You and Me,The Cranberries,2000,0
7290,7290,b806234,a9313,Rain,Mindi Abair,2006,Rain,Madonna,1992,0
5690,5690,b63257,a7477,Positive Education,Slam,1993,Positive Education,Slam,1993,1
25356,25356,b47079,a31880,I Don't Know,Chelonis R. Jones,2005,You Don't Know,Cyndi Lauper,1997,0
2153,2153,b349952,a3183,Dreaming,Monsieur Dubois,0,Daydreaming,Massive Attack,1990,0
12009,12009,b608441,a15443,Heat,DJ Cata featuring Angie,0,Heartbeat,Daniel Küblböck,2003,0
20829,20829,b792605,a25694,Sunday,Serpentine,0,Sunday,Sonic Youth,1998,0
3347,3347,b783541,a4309,Temptation,Walter Trout,1997,Temptation,Wet Wet Wet,1988,0
5936,5936,b277290,a7709,Breathe,The Cinematic Orchestra,2007,Breathe,Télépopmusik,2001,0
1886,1886,b462651,a2756,Wrecking Ball,Mother Mother,2008,Wrecking Ball,Miley Cyrus,2013,0
14781,14781,b459802,a18506,California,Pat Green,2003,California,Phantom Planet,2002,0
6337,6337,b418218,a8093,Happy,The Bamboos,0,Happy,Towa Tei,1997,0
19987,19987,b394308,a24201,Nag_ Nag_ Nag,Cabaret Voltaire,0,Nag Nag Nag,Cabaret Voltaire,1979,1
11519,11519,b542981,a14860,Winter Wonderland,The Honorary Title,0,Winter Wonderland,Tony Bennett-Lady Gaga,2014,0
10778,10778,b686937,a14414,Angel,Saybia,2007,Angel,Sarah McLachlan,1999,0
22711,22711,b150652,a27641,Trouble,Bitter Sweet,2008,Trouble,Bei Maejor-J. Cole,2011,0
16902,16902,b393713,a20569,Last Call,Brazilian Girls,2006,Last Call,Brazilian Girls,2006,1
14583,14583,b604785,a18316,Other Side,D:Fuse,2004,The Other Side,David Gray,2002,0
11961,11961,b19931,a15402,Dream,Con Dolore,2001,Dream A Dream,Captain Jack,1999,0
8291,8291,b586483,a10781,Who We Are,Hope Partlow,2005,We Are,Hollywood Undead,2012,0
18532,18532,b436128,a22160,There's The Girl,Heart,0,There's the Girl,Heart,1987,1
9481,9481,b534688,a13162,More News From Nowhere (Radio Version),Nick Cave & The Bad Seeds,2008,More News From Nowhere,Nick Cave & The Bad Seeds,2008,1
25109,25109,b483610,a31634,The Way You Are,Bryn Christopher,2008,Just the Way You Are,Billy Joel,1977,0
3442,3442,b246425,a4465,Hey Whatever,Westlife,2003,Hey Whatever,Westlife,2003,1
7134,7134,b708934,a9087,I Am,Lustral,0,I Am,Leona Lewis,-,0
13542,13542,b403667,a17226,Change,Kelli Sae,0,Changes,Kelly Osbourne,2003,0
24931,24931,b506911,a31372,Sunrise,Norah Jones,2004,Sunrise,Norah Jones,2004,1
11120,11120,b230987,a14582,Light My Fire,Al Green,1971,Light My Fire,Amii Stewart,-,0
17995,17995,b611759,a21546,Underclass Hero,Sum 41,2007,Underclass Hero,Sum 41,2007,1
11345,11345,b670246,a14741,LoveStoned/I Think She Knows,Justin Timberlake,2007,LoveStoned/I Think She Knows (remixes),Justin Timberlake,2007,1
24959,24959,b261412,a31413,You're the one,Scums,0,You're the One,Shane MacGowan-Moya Brennan,1995,0
8945,8945,b187476,a12156,Georgia On My Mind,MARTIN TAYLOR,1992,Georgia On My Mind,Michael Bolton,1989,0
19139,19139,b352538,a23194,Aftermath,Ronny Jordan,2000,Aftermath,R.E.M.,2004,0
4211,4211,b672365,a5423,Man of the World,The London Rock Orchestra,1997,The End of the World,The Cure,2004,0
25041,25041,b80431,a31549,One,Keziah Jones,2008,Only One,Kanye West-Paul McCartney,2014,0
22558,22558,b642547,a27515,Do It Again,Sandra Nasic,2007,Say It Again,Scribe-Tyra Hammond,2008,0
115,115,b721573,a157,What You Want,The Roots feat. Jaguar,0,What You Want,The John Butler Trio,2004,0
9793,9793,b245383,a13559,Angels,Robin Thicke,2006,Angels,Robbie Williams,1997,0
14355,14355,b616183,a18033,Sometime,Norris Man,0,Sometimes,Nina Persson,2014,0
1884,1884,b740206,a2735,Headfirst For Halos,My Chemical Romance,2002,Headfirst for Halos,My Chemical Romance,2004,1
12341,12341,b416832,a15777,Higher,The Game,0,Higher,Taio Cruz-Kylie Minogue,2010,0
15729,15729,b339218,a19402,One Time We Lived,Moby,2009,One Time We Lived,Moby,2009,1
18683,18683,b141989,a22433,Deep Inside,Ion,0,Devil Inside,INXS,1988,0
3745,3745,b825305,a4832,On the Run (The Battle Is Over) [Version],Billy Ocean,0,On The Run (The Battle Is Over),Billy Ocean,1985,1
12352,12352,b323122,a15802,Evil Woman,Electric Light Orchestra,1975,Evil Woman,Electric Light Orchestra,1976,1
6771,6771,b760198,a8631,Runnin' Riot (Live),Cock Sparrer,1984,Runnin' Riot,Cock Sparrer,1977,1
12941,12941,b493855,a16567,Illumination,Fertile Ground,2002,Love Illumination,Franz Ferdinand,2013,0
16084,16084,b209358,a19733,Home,Scott McKeon,0,Home,Sheryl Crow,-,0
811,811,b143084,a1283,Don't Bring Me Down,The Animals,1966,Don't Bring Me Down / Cheating,The Animals,1966,1
12406,12406,b447668,a15851,The Prayer,Carl Doy,0,The Prayer,Christina Aguilera-Chris Mann,2012,1
18430,18430,b200434,a22024,Just One More Time,Derek Martin,0,Just One Last Time,David Guetta,2012,0
5710,5710,b265665,a7509,Catch,Sunscreem,1997,Catch,Sunscreem,1997,1
19804,19804,b192121,a24017,Take Me Back,Tinchy Stryder / Taio Cruz,0,Take Me Back,Tinchy Stryder-Taio Cruz,2008,1
16073,16073,b139542,a19733,Home,Solveig Slettahjell,0,Home,Sheryl Crow,-,0
13757,13757,b393840,a17402,Little Life,Josephine Foster,0,Little L,Jamiroquai,2001,0
20836,20836,b728705,a25704,Everybody's Somebody's Fool,The Bluebells,1984,Everybody's Fool,Teenage Fanclub,1990,0
3561,3561,b271717,a4638,Surrender,Way Out West,0,Sweet Surrender,Wet Wet Wet,-,0
8672,8672,b589818,a11672,I Wish It Was Christmas Today,Julian Casablancas,2009,I Wish It Was Christmas Today,Julian Casablancas,2009,1
15672,15672,b300191,a19324,I Thought About You,The Allies,0,I Thought About You,The Beautiful Girls,2007,0
24191,24191,b280300,a29480,Black Heart,Chimaira,2007,Black Heart,Calexico,2004,0
15688,15688,b366042,a19326,Blackbird Song,Maple Bee,0,Blackbird,Mat McHugh-The Beautiful Girls,2014,0
20018,20018,b723966,a24290,Shine,Diana Ross,1987,Shine,David Gray,1993,0
11037,11037,b814432,a14551,Telephone,Lady Gaga / Beyonc\xc3\xa9,2010,Telephone,Lady Gaga-Beyoncé,2010,1
13362,13362,b340317,a17009,I Want You,Janet Jackson,2004,I Want Your Love,Jody Watley,2008,0
5977,5977,b736121,a7753,Wasting Away,The Northern Pikes,1999,Walking Away,The Egg,2005,0
23060,23060,b641448,a28030,Mrs. Robinson,Simon & Garfunkel,1968,Mrs. Robinson,Simon & Garfunkel,1968,1
18136,18136,b762835,a21683,Closer,Nine Inch Nails,1994,Closer,Nine Inch Nails,1994,1
4048,4048,b711186,a5195,Tragic Hero,Funker Vogt,1998,Tragic Hero,Funker Vogt,1998,1
19866,19866,b517108,a24066,Hello Hello,Abrar - Ul - Haq,0,Hello,Adele,2015,0
1873,1873,b392859,a2670,William Tell Overture,Mike Oldfield,1977,William Tell Overture,Mike Oldfield,1977,1
20607,20607,b717704,a25480,Bones_ Bones_ Bones,The Golden Gate Quartet,0,Bones,The Killers,2006,0
16083,16083,b823544,a19733,Home,Smash Mouth,1999,Home,Sheryl Crow,-,0
16941,16941,b113613,a20604,Monster,Klone,0,Monster,Kanye West-Rick Ross-Bon Iver-Nicki Minaj,2010,0
13853,13853,b484841,a17526,Love Foolosophy,Jamiroquai,2001,Love Foolosophy,Jamiroquai,2001,1
7039,7039,b457286,a8985,Vertigo,U2,2004,Vertigo,U2,2004,1
21424,21424,b711601,a26259,Beautiful Lies,B-Complex,2009,Beautiful Liar,Beyoncé-Shakira,2007,0
5708,5708,b415950,a7509,Catch,Sunscreem,1997,Catch,Sunscreem,1997,1
825,825,b626075,a1297,Movin,Skylark,0,Moving,Supergrass,1999,0
14893,14893,b775383,a18653,Love Of The Common People,Paul Young,1983,Love of the Common People,Paul Young,1983,1
2710,2710,b183830,a3694,Interlude,MFSB,0,Interlude,Morrissey,1994,0
17489,17489,b485241,a21092,Know-How,Kings Of Convenience Featuring Feist,2004,Know-How,Kings of Convenience-Feist,2005,1
15527,15527,b805959,a19186,Black Bird,Triinu Kivilaan,2008,Black Bird,The Beautiful Girls,2003,0
22282,22282,b479651,a27207,My Life,Kutt Calhoun,2004,My Life,Kool G Rap,2001,0
25097,25097,b820558,a31626,You,Simon Dupree & The Big Sound,0,You,Schiller-Colbie Caillat,2008,0
3351,3351,b749484,a4311,Love Is All Around,Wet Wet Wet,1994,Love Is All Around,Wet Wet Wet,1994,1
4205,4205,b531595,a5423,The Story of the World,The Jet Set,0,The End of the World,The Cure,2004,0
17574,17574,b551533,a21149,After Hours,The Bluetones,2002,Afterhours,TroyBoi-Diplo-Nina Sky,2015,0
630,630,b177037,a853,Silent Night,SWV,1997,Silent Night,Sinéad O’Connor,1991,0
11245,11245,b79248,a14662,Love Me,Thirsty Moon,0,Love Love,Take That,2011,0
22660,22660,b655519,a27618,Dilemma,Nelly featuring Kelly Rowland,2005,Dilemma,Nelly,2002,1
21721,21721,b251515,a26537,Everything,Stereo Fuse,2002,Try Everything,Shakira,2016,0
14139,14139,b415426,a17863,Anytime You Need A Friend,Mariah Carey,1993,Anytime You Need a Friend,Mariah Carey,1993,1
16027,16027,b397961,a19642,Jealousy,Steven Seagal,2004,Jealous,Sinéad O’Connor,2000,0
7395,7395,b304253,a9467,Let It Go!,Deitra Farr,0,Let It Go,Def Leppard,1981,0
15855,15855,b401107,a19510,Wait For Me,Moby,2009,Wait for Me,Moby,2010,1
18650,18650,b107149,a22410,Somewhere Else,The Old Dead Tree,2003,Somewhere,Tom Waits,1978,0
9238,9238,b521964,a12720,Honey,Mariah Carey,1997,Honey,Moby,1998,0
8338,8338,b368988,a10833,My Baby Love,Temprees,1972,Baby Love,The Supremes,1964,0
15563,15563,b36359,a19229,Oh Carolina,Shaggy,1993,Oh Carol,Smokie,1978,0
12976,12976,b789926,a16599,I Died For Love,Ballboy,2004,I Did It For Love,BoA-Sean Garrett,2009,0
23505,23505,b79864,a28500,Rain On The Roof,The Lovin' Spoonful,1966,Rain on the Roof,The Lovin’ Spoonful,1966,1
10485,10485,b776836,a14229,Wir werden singen,2raumwohnung,2001,Wir werden sehen,2raumwohnung,2009,1
22956,22956,b395873,a27902,The Way You Move,OutKast Featuring Sleepy Brown,2004,The Way You Move,OutKast-Sleepy Brown,2004,1
6600,6600,b294488,a8321,Stay,The Cat's Miaow,1997,Stay,Thirty Seconds to Mars,2014,0
15364,15364,b656598,a19066,Every Kinda People,Robert Palmer,1978,Every Kinda People,Robert Palmer,1991,1
17863,17863,b529984,a21414,Freak,Stephen Pearcy,2002,Freak,Silverchair,1997,0
3800,3800,b430856,a4889,Silent Night,The Brady Bunch,0,Silent Night,The Flaming Lips,2008,0
6931,6931,b475811,a8830,Without You,Chieli Minucci,2003,Without Your Love,Chris Norman,2006,0
14711,14711,b641057,a18429,The Man I Love,Dinah Washington,1987,The One I Love,David Gray,-,0
10192,10192,b502403,a14032,Missing You,Anthony Cruz,0,Miss You,Aaliyah,2003,0
13585,13585,b544974,a17242,Do You Wanna Go Party,KC & The Sunshine Band,1979,Do You Wanna Go Party,KC and The Sunshine Band,1979,1
5200,5200,b700775,a7103,Avenue,Saint Etienne,1992,Avenue,Saint Etienne,1992,1
8921,8921,b247614,a12108,True Love,Alain Morisod,0,True Love 1980,Ash,2009,0
19050,19050,b113495,a23014,Blackout,Adr Lavey,0,Blackout,Apollo 440,1991,0
14394,14394,b764786,a18086,Shake 'Em Down,Miles Hunt,0,Shake It Down,Mud,1976,0
2783,2783,b627013,a3765,It'll Be Alright,The Elders,0,We'll Be Alright,Travie McCoy,2010,0
22761,22761,b79882,a27696,Gangsta,Sefyu,0,Gangsta,Slim Thug-Z-Ro,2010,0
8917,8917,b657533,a12096,I'm Your Man,Leonard Cohen,1988,I'm Your Man,Leonard Cohen,1988,1
3473,3473,b190496,a4532,Greatest Hit,Annie,0,The Greatest Hit,Annie,2000,1
18871,18871,b469625,a22686,Do or Die,Tommy Wright III,0,Do Or Die,Thirty Seconds to Mars,2013,0
24131,24131,b231549,a29391,Coming Down,Future Loop Foundation,1999,Not Coming Down,Ferry Corsten-Betsie Larkin,2012,0
5287,5287,b24981,a7189,White Lies,Paul Van Dyk Featuring Jessica Sutta,0,White Lies,Paul van Dyk,2007,1
419,419,b404298,a572,Monsters,Switchblade Symphony,1999,Monsters,Something for Kate,2001,0
13672,13672,b6339,a17350,Hold On,The Rascals,0,Holding On,Tourist-Josef Salvat-Niia,2015,0
10029,10029,b57188,a13921,You Came Into My Life,Singing Melody,0,When You Came Into My Life,Scorpions,1996,0
15962,15962,b633313,a19613,Fade Away,Squealer,2002,Not Fade Away,Sheryl Crow,2007,0
2953,2953,b629597,a3856,Dizzy,Tommy Roe,1969,Dizzy,Tommy Roe,1969,1
14325,14325,b747628,a18012,Doctor Pressure,Mylo featuring Miami Sound Machine,2006,Doctor Pressure,Mylo-Miami Sound Machine,2005,1
14399,14399,b313414,a18101,Decision,Bill Conti,1982,Decisions,Borgore-Miley Cyrus,2013,0
11114,11114,b346268,a14571,Fool For Love,Stefy,2006,For Your Love,Stevie Wonder,1995,0
2468,2468,b121720,a3459,360 Degrees,Push Button Objects,2003,36 Degrees,Placebo,1996,0
24907,24907,b243953,a31325,You Don't Know,Lamont Cranston Blues Band,0,I Don't Know,Lisa Hannigan,2009,0
17645,17645,b13678,a21217,Watch Out,Fleetwood Mac,1969,Watch Out,Ferry Corsten,2006,0
14018,14018,b386320,a17755,Runaway Boy,James Taylor,0,Runaway,Janet Jackson,1995,0
9058,9058,b442533,a12295,Wake Up Call,Maroon 5 / David Banner,2007,Wake Up Call,Maroon 5,2007,1
20565,20565,b264856,a25416,Three Babies,Sin\xc3\xa9ad O'Connor,1990,Three Babies,Sinéad O’Connor,1990,1
18281,18281,b774405,a21832,You Come Through,PJ Harvey,2004,You Come Through,PJ Harvey,2004,1
6391,6391,b617818,a8135,Winter Winter,Tellison,0,Winter,Tori Amos,1992,0
21362,21362,b685854,a26233,Wrapped Around Your Finger,The Police,1983,Wrapped Around Your Finger,The Police,1983,0
18921,18921,b520115,a22734,Jam Tomorrow,Adrian Legg,0,Tomorrow,Amanda Lear,1977,0
4625,4625,b3651,a6053,Wide Road,Lexy & K-Paul Feat. Dorian E,2007,Wide Road,Lexy & K-Paul-Dorian E.,2007,1
3131,3131,b819892,a3948,Whenever You're Around,The Spongetones,0,Whenever You're Ready,The Zombies,1965,0
23548,23548,b480377,a28551,Happy Xmas (War Is Over),The Polyphonic Spree,2004,Happy Xmas (War Is Over),The Harlem Community Choir,1971,0
16975,16975,b122833,a20644,It Must Be Love,Alan Jackson,1999,Must Be the Love,Arty-Nadia Ali-BT,2012,0
14232,14232,b102842,a17961,So Beautiful,Manafest,2008,#Beautiful,Mariah Carey-Miguel,2013,0
2761,2761,b537107,a3727,I Saw The Light,Terry Hall,1997,I Saw the Light,Todd Rundgren,1972,0
8884,8884,b368478,a12048,You Send Me,Lulu,0,You And Me,Lifehouse,2005,0
11222,11222,b575993,a14660,The Flow,TALAMASCA,0,The Flood,Take That,2010,0
18994,18994,b691131,a22905,Never Again,The Doits,0,Never Again,Tomas Ledin-Agnetha Fältskog,1982,0
8071,8071,b822475,a10500,No You Girls,Franz Ferdinand,2009,No You Girls,Franz Ferdinand,2009,1
4607,4607,b340762,a6022,I Feel Love,Kingston Wall,1993,I Feel Like,Kaskade,2002,0
120,120,b400070,a157,Do What You Want,The Agony Scene,2008,What You Want,The John Butler Trio,2004,0
25699,25699,b88865,a32517,Let Me,Paul Revere & The Raiders featuring Mark Lindsay,0,Let Me,Pat Green,2008,0
17666,17666,b395341,a21241,Sexy Bitch,DJ Dizzy,2009,Sexy Bitch,David Guetta-Akon,2009,0
11127,11127,b373911,a14583,SexyBack,Justin Timberlake Featuring Timbaland,2006,SexyBack,Justin Timberlake,2006,1
4131,4131,b376506,a5351,I'm Over You,Carmel,1989,I'm Not Over You,CeCe Peniston,1994,0
10708,10708,b245185,a14391,Signs,Sound Selektaz Feat. Daniel,0,Signs,Snoop Dogg-Justin Timberlake-Charlie Wilson,2005,0
13344,13344,b195362,a16998,The Way I Are,Timbaland / Keri Hilson / D.O.E. / Sebastian,2007,The Way I Are,Timbaland-Keri Hilson,2007,1
7014,7014,b177763,a8967,The Witch,Clinic,2008,The Witch,Clinic,2008,1
4166,4166,b36156,a5371,Beautiful Love,John Abercrombie,0,Beautiful,Julio D,2015,0
24595,24595,b560589,a30705,Start All Over Again,The Disco Boys,2007,Start Again,Teenage Fanclub,1997,0
10869,10869,b250252,a14492,Never Forget,The Unseen,2001,Never Forget,Take That,1995,0
17874,17874,b539121,a21418,Star,Extreme,0,Star,Erasure,1990,0
2156,2156,b503207,a3183,Dreaming,Movado,0,Daydreaming,Massive Attack,1990,0
19334,19334,b122242,a23404,Everything I Want,Bertine Zetlitz,2001,Everything I Own,Boy George,1987,0
14278,14278,b427942,a17996,Girlfriend,Buju Banton,0,Girlfriend/Boyfriend,Blackstreet-Janet Jackson-Eve-Ja Rule,1999,0
3970,3970,b707292,a5060,Home,San Quinn,0,Hotel Home,Spender-Gotye,2013,0
11753,11753,b676037,a15140,Give A Little Love,Bay City Rollers,1975,Give a Little Love,Bay City Rollers,1975,1
6949,6949,b532178,a8834,Joy,Lampshade,2006,Joy,Leona Lewis,2009,0
20415,20415,b774753,a25132,Change,KT Tunstall,2000,Change,Killing Joke,1992,0
19090,19090,b329413,a23135,Destiny,Avant,2000,Destiny,Apollo 440,1991,0
7572,7572,b658657,a9761,Live Ya Life,Sheek Louch,0,Live Your Life,Stéphanie,1987,0
14829,14829,b28223,a18577,Emotions,Starpoint,1985,Emotions,Samantha Sang-Bee Gees,2012,0
6322,6322,b618586,a8075,Been A Long Time,TV Rock Feat. Rudy,2008,Been a Long Time,TV Rock-Rudy,2008,1
14950,14950,b324560,a18746,My Happiness,Powderfinger,2000,My Happiness,Powderfinger,2000,1
23033,23033,b785174,a27989,Seduction,Sean Deason,0,Sensual Seduction,Snoop Dogg,2007,0
9232,9232,b281590,a12719,James Bond Theme (Moby's Re-Version) (Da Bomb Remix),Moby,1997,James Bond Theme (Moby's re-version),Moby,1997,1
2597,2597,b255655,a3592,Get Higher,Vera,0,Baby Get Higher,VanVelzen,2006,0
21105,21105,b288407,a25995,Home,Sticks & Stones,2003,Hotel Home,Spender-Gotye,2013,0
16505,16505,b317888,a20232,Ultrafunkula,Armand Van Helden,1997,Ultrafunkula,Armand van Helden,1997,1
12082,12082,b782828,a15548,One,Creed,0,One,Cody Simpson,2009,0
1670,1670,b754428,a2257,Dizzy,Vic Reeves / The Wonder Stuff,1991,Dizzy,Vic Reeves-The Wonder Stuff,1991,1
20567,20567,b682895,a25418,Silent Night,Stephen Varcoe/Choir of King's College_ Cambridge/Sir David Willcocks,0,Silent Night,Sinéad O’Connor,1991,0
6843,6843,b625214,a8712,Any Day Now,Cari\xc3\xb1a,0,Any Day Now,Cop Shoot Cop,1995,0
3865,3865,b515260,a4922,(We Don't Need This) Fascist Groove Thang (Rapino Club Mix),Heaven 17,2009,(We Don't Need This) Fascist Groove Thang,Heaven 17,1981,1
13338,13338,b516219,a16991,Smile,K'Naan,2004,Smile,Kidda,2008,0
23267,23267,b583603,a28223,What Do You Want,The Yardbirds,1966,What You Want,The John Butler Trio,2004,0
8636,8636,b404753,a11504,Hammerhead,John Zorn,1990,Hammerhead,James Reyne,1987,0
7827,7827,b539121,a10225,Star,Extreme,0,Star,Erasure,1990,0
7570,7570,b548190,a9754,Come Go With Me,Del Vikings,1957,Come Away With Me,Donots,2012,0
2475,2475,b752780,a3483,"Keep The Fire Burnin""",REO Speedwagon,1982,Keep the Fire Burnin',REO Speedwagon,1982,1
5612,5612,b610639,a7445,Bedsitter,Soft Cell,1981,Bedsitter,Soft Cell,1981,1
13754,13754,b276845,a17400,Black Capricorn Day,Jamiroquai,1999,Black Capricorn Day,Jamiroquai,2000,1
20888,20888,b326966,a25765,You Were My Everything,Two Minute Silence,2009,You Me & Everything,The Shamen,1989,0
8605,8605,b445288,a11450,Where Do We Go From Heaven,The Mighty Lemon Drops,1989,Where Do I Go From Here,The Supremes,1975,0
9366,9366,b355844,a12996,The Beast,The Only Ones,1978,The Beat,The Bloody Beetroots-Peter Frampton,2014,0
19915,19915,b368955,a24115,Gangsta,Total Science & S.P.Y.,0,Gangsta?,Tinchy Stryder,2010,0
10060,10060,b367611,a13931,Feel,Rob E,0,Feel,Robbie Williams,2002,0
21384,21384,b451554,a26237,The Way We Talk,The Maine,2007,The Walk,The Cure,1983,0
9199,9199,b201832,a12600,Float On,Modest Mouse,2003,Float On,Modest Mouse,2004,1
17710,17710,b59096,a21282,Les Djinns,Djuma Soundsystem,2009,Les Djinns,Djuma Soundsystem,2003,1
20881,20881,b488956,a25760,Rocket,The Smashing Pumpkins,1993,Rocket,The Smashing Pumpkins,1994,1
25656,25656,b481618,a32399,Innocence,Mind Funk,1991,Innocent,Mike Oldfield,1989,0
14158,14158,b444109,a17905,Sometime,Miguel Migs,0,Sometimes,Miami Horror,2009,0
22042,22042,b161277,a26912,My Life,Swollen Members,2009,My Life,Slaughterhouse,2012,0
20376,20376,b648409,a25001,It's A New Day,KC Da Rookee,0,A New Day,Killing Joke,1984,0
16173,16173,b414314,a19839,Silver Pills,Alec Empire,1997,Silverlake Pills,Adam Freeland,2007,0
15899,15899,b783885,a19560,Dreams,DJ Icey,2003,Dreams,Deep Dish-Stevie Nicks,2005,0
19231,19231,b722078,a23256,I'll Look Around,Billie Holiday,1947,Look Around,Beat Happening,1987,0
2458,2458,b782554,a3455,My Love,Meitz,2003,My Love Life,Morrissey,1991,0
11505,11505,b25560,a14858,Anything Goes,The High Strung,2005,Anything Goes,Tony Bennett-Lady Gaga,2014,0
24665,24665,b770287,a30829,Love Hurts,Clare Teal,2008,Love Hurts,Cher,1991,0
18570,18570,b557015,a22279,Falling Down,Jehst,0,Fall Down,Jebediah,2001,0
1721,1721,b141736,a2282,Untitled,TERRY BOZZIO & METROPOLE ORKEST,2005,Untitled,The Smashing Pumpkins,2001,0
16449,16449,b430362,a20181,Tell Me Why,Tycoon,0,Tell Me When,The Human League,1995,0
2641,2641,b784068,a3645,Surprise,Bizarre Inc,1996,Surprise Surprise,Billy Talent,2012,0
12209,12209,b424241,a15655,Reflection,Cliff Eidelman,0,Reflection,Christina Aguilera,1998,0
2941,2941,b354688,a3851,Breathe Again,Toni Braxton,1993,Breathe Again,Toni Braxton,1993,1
21367,21367,b106157,a26234,Synchronicity III,Turing Machine,2004,Synchronicity II,The Police,1983,0
2548,2548,b664710,a3547,Silent Night,The Bachelors,0,Silent Night,The Flaming Lips,2008,0
3483,3483,b223587,a4538,Good Gal,Charlie Spand,0,Good Girl,Carrie Underwood,2012,0
9676,9676,b23962,a13461,I'll Be Your Baby Tonight,Robert Palmer Featuring UB40,1990,I’ll Be Your Baby Tonight,Robert Palmer-UB40,1990,1
13674,13674,b10467,a17350,Hold On,True West,2007,Holding On,Tourist-Josef Salvat-Niia,2015,0
14614,14614,b196636,a18356,Sometimes,Logh,2007,Sometimes,Les Rythmes Digitales-Nik Kershaw,1999,0
22468,22468,b120020,a27433,Old School,Lil Rob,0,Old School Love,Lupe Fiasco,2013,0
23887,23887,b770523,a29090,Already There,The Sight Below,2008,Already There,Taylor McFerrin-Robert Glasper-Thundercat,2014,0
22494,22494,b132893,a27453,Playing With Fire,N-Dubz / Mr Hudson,0,Playing With Fire,N-Dubz-Mr Hudson,2010,1
5452,5452,b414295,a7303,No Fate,Scooter,0,No Fate,Scooter,1997,1
18103,18103,b98698,a21641,The Fun Machine Took A Shit and Died,Queens Of The Stone Age,2007,The Fun Machine Took a Shit & Died,Queens of the Stone Age,2005,1
6607,6607,b279596,a8333,Alone,The Chicharones,2004,Alone.,Titus G. Productions-FanaElectric,2016,0
15328,15328,b400996,a19033,Slipping Away,Martin Briley,0,Slipping Away,Moby,2005,0
15704,15704,b489207,a19342,Remember It Now,Steve Roach,1997,I Remember Now,Sertab Erener,2007,0
7615,7615,b578963,a9831,Tonight,DJ Bobo,2010,Tonight,Def Leppard,1993,0
13059,13059,b449491,a16750,True Colours,Go West,1986,True Colours,Go West,1986,1
4363,4363,b270671,a5589,All Day_ All Night,J-Diggs,0,All Night,Jack Beats,2011,0
19824,19824,b201733,a24020,You're Not All That,The Herbaliser,2008,You're Not Alone,Tinchy Stryder,2009,0
24753,24753,b801466,a30919,Far Away,Cut Copy,2008,Fade Away,Chumbawamba,2005,0
22850,22850,b602816,a27790,With You,Chris Brown,0,With You,Chris Brown,2008,1
6550,6550,b604558,a8280,Borderline,Madonna,1983,Borderline,Madonna,1984,1
5578,5578,b620861,a7387,Looking At You,Sunscreem,1996,Looking at You,Sunscreem,1996,1
10039,10039,b704463,a13922,You and Me,Sunrise,0,You and I,Scorpions,1996,0
1324,1324,b747852,a1799,Lullaby,The Cat Empire,2005,Lullaby,The Cure,1989,0
4939,4939,b404595,a6595,Shelter,Prisma,0,Shelter,Porter Robinson-Madeon,2016,0
4837,4837,b207397,a6366,My Hands Are Tied,Mesh,0,My Hands Are Tied / Petrified,Mesh,2006,1
18393,18393,b654808,a21978,Wonderwall,Oasis,0,Wonderwall,Oasis,1995,1
12636,12636,b803377,a16133,The Killing Moon,Echo And The Bunnymen,1984,The Killing Moon,Echo & The Bunnymen,1983,1
17912,17912,b675245,a21439,I Remember,Keyshia Cole,2007,I Remember,Kaskade-deadmau5,2008,0
9639,9639,b518575,a13395,Everyday,Phil Collins,1993,Everyday,Phil Collins,1994,1
10281,10281,b19552,a14114,Shape,Sugababes,2002,Shape,Sugababes,2003,1
9449,9449,b69173,a13126,Walk Right Back,Perry Como,1973,Walk Right Back,Perry Como,1973,1
22892,22892,b6516,a27821,Give It Up,Phil The Agony,0,Give It Up,Public Enemy,1994,0
23232,23232,b559914,a28216,The Game,Ativin,2004,The Game,Alyssa Reid-Snoop Dogg,2012,0
5619,5619,b214048,a7447,Where Did Our Love Go?,Soft Cell,1996,Tainted Love / Where Did Our Love Go?,Soft Cell,1981,1
6666,6666,b448256,a8419,Good Time,Peran,2001,Feel Good Time,P!nk-William Orbit,2003,0
14208,14208,b331796,a17948,This Life,Magna-Fi,2005,This Is My Life,Miss Montreal,2009,0
1423,1423,b766176,a1947,Yesterday,Andy Williams,0,Yesterday,Adam Levine-Tony Lucca,2012,0
24267,24267,b692368,a29714,Forever Yours,Ray Smith,0,Forever Young,Rhiannon Giddens-Iron & Wine,2015,0
14840,14840,b19730,a18601,The Day You Come,Powderfinger,1998,The Day You Come,Powderfinger,1998,1
8152,8152,b342736,a10581,Love Machine,Girls Aloud,0,Love Machine,Girls Aloud,2004,1
15482,15482,b491066,a19151,I Never Know,Singing Melody,0,You'll Never Know,Shirley Bassey,1961,0
16596,16596,b811138,a20298,Heartbeat,Adrian Belew,1990,My Heartbeat,Annie,2004,0
17057,17057,b375524,a20701,More Than Likely,P.M. Dawn,1993,More Than Likely,P.M. Dawn-Boy George,1993,1
3580,3580,b414176,a4682,Let Me Down Easy,Cornelius Brothers & Sister Rose,1972,Let Me Down Easy,Chris Isaak,2002,0
24714,24714,b342256,a30883,Believer,Clyde Carson,2009,Believe,Cher,1998,0
8062,8062,b155272,a10498,Lucid Dreams,Franz Ferdinand,2008,Lucid Dreams,Franz Ferdinand,2008,1
4758,4758,b70577,a6231,Trust In You,Masterplan,2007,Trust You,Mesh,1998,0
4809,4809,b261214,a6310,The City,Mic Geronimo,0,The City,Madeon,2012,0
6,6,b451100,a5,I Believe,Big Black,0,Believe,Blue October,-,0
856,856,b745375,a1376,Tired Of Being Alone,Texas,1992,Tired of Being Alone,Texas,1992,1
12435,12435,b339177,a15894,Flowers,Camper Van Beethoven,1989,Flower,Cody Simpson,2015,0
10287,10287,b109905,a14116,Too Lost In You,Sugababes,2000,Too Lost in You,Sugababes,2003,1
24539,24539,b436505,a30579,Everything,Tenishia,0,Everything Flows,Teenage Fanclub,1991,0
11430,11430,b3691,a14787,These Days,The Simpletons,0,These Days,Take That,2014,0
3722,3722,b494125,a4812,Alpha Centauri,Hallucinogen,1995,Alpha Centauri / LSD,Hallucinogen,1994,1
20838,20838,b440360,a25704,Everybody's Numb,Thea Gilmore,2006,Everybody's Fool,Teenage Fanclub,1990,0
1760,1760,b574219,a2372,Whatever You Want,Taylor Dayne,1998,Whatever You Want,Tina Turner,1996,0
22084,22084,b240243,a26939,Only One,T-Bone,0,The Only One,The Cure,2008,0
19644,19644,b314656,a23850,Neighborhood,Tift Merritt,2002,In the Neighborhood,Tom Waits,1985,0
21043,21043,b308654,a25907,The Body Wah,Tears For Fears,1992,The Body,The Pains of Being Pure at Heart,2011,0
20448,20448,b699473,a25183,Children Say,Level 42,1987,Children Say,Level 42,1987,1
25087,25087,b416529,a31626,You,Spanky Wilson,1992,You,Schiller-Colbie Caillat,2008,0
17352,17352,b2642,a21000,Vanish,Capoeira Twins,0,Vanished,Crystal Castles,2008,0
23147,23147,b536507,a28095,Everyday Is A Winding Road,Sheryl Crow / Ash Win Sood,1996,Everyday Is A Winding Road,Sheryl Crow,1996,1
5750,5750,b685753,a7549,Papua New Guinea,The Future Sound of London,1991,Papua New Guinea,The Future Sound of London,1991,1